/welcome-readers /blog/welcome-readers 301
/combining-synchronous-actions-using-redux-thunk /blog/combining-synchronous-actions-using-redux-thunk 301
/copy-react-props-to-your-clipboard-in-google-chrome /blog/copy-react-props-to-your-clipboard-in-google-chrome 301
/building-a-likes-api-with-google-cloud-functions /blog/building-a-likes-api-with-google-cloud-functions 301
/reflecting-on-four-years-of-remote-work /blog/reflecting-on-four-years-of-remote-work 301
/from-hugo-to-next-js-and-back-again /blog/from-hugo-to-next-js-and-back-again 301
/building-the-inspect-measurement-engine /blog/building-the-inspect-measurement-engine 301
/accumulate-complex-objects-with-the-reduce-method /blog/accumulate-complex-objects-with-the-reduce-method 301
/ive-lost-faith-in-client-side-analytics /blog/ive-lost-faith-in-client-side-analytics 301
/modify-create-react-apps-babel-configuration-without-ejecting /blog/modify-create-react-apps-babel-configuration-without-ejecting 301
/restrictions-while-styling-visited-links /blog/restrictions-while-styling-visited-links 301
/filter-out-multiple-console-messages-in-google-chrome /blog/filter-out-multiple-console-messages-in-google-chrome 301
/rename-fields-by-using-aliases-in-graphql /blog/rename-fields-by-using-aliases-in-graphql 301
/handling-an-event-callback-once /blog/handling-an-event-callback-once 301
/my-definition-of-a-first-class-pull-request /blog/my-definition-of-a-first-class-pull-request 301
/using-react-component-variants-to-compose-css-classes /blog/using-react-component-variants-to-compose-css-classes 301

/tags /blog
/tags/* /blog
